n,replicate,xbar_seconds,mu_seconds,sigma_seconds,se_seconds
2,1,39.3008691608031,30.24235780669743,15.352147977457452,10.855607940639505
2,2,30.66988878344521,30.24235780669743,15.352147977457452,10.855607940639505
2,3,23.00784924533787,30.24235780669743,15.352147977457452,10.855607940639505
2,4,23.31505794648102,30.24235780669743,15.352147977457452,10.855607940639505
2,5,69.83171393749907,30.24235780669743,15.352147977457452,10.855607940639505
2,6,21.943778068923816,30.24235780669743,15.352147977457452,10.855607940639505
2,7,21.603006641554654,30.24235780669743,15.352147977457452,10.855607940639505
2,8,17.800114530615723,30.24235780669743,15.352147977457452,10.855607940639505
2,9,22.122919024905165,30.24235780669743,15.352147977457452,10.855607940639505
2,10,19.32805897391338,30.24235780669743,15.352147977457452,10.855607940639505
2,11,26.07113719981001,30.24235780669743,15.352147977457452,10.855607940639505
2,12,41.52986115463366,30.24235780669743,15.352147977457452,10.855607940639505
2,13,34.93516240918688,30.24235780669743,15.352147977457452,10.855607940639505
2,14,34.926620530979704,30.24235780669743,15.352147977457452,10.855607940639505
2,15,22.541364504745466,30.24235780669743,15.352147977457452,10.855607940639505
2,16,29.561782745422605,30.24235780669743,15.352147977457452,10.855607940639505
2,17,32.143121555189666,30.24235780669743,15.352147977457452,10.855607940639505
2,18,19.101466720083927,30.24235780669743,15.352147977457452,10.855607940639505
2,19,22.729893071626897,30.24235780669743,15.352147977457452,10.855607940639505
2,20,36.899992755464986,30.24235780669743,15.352147977457452,10.855607940639505
2,21,33.69830226554925,30.24235780669743,15.352147977457452,10.855607940639505
2,22,15.555215402570997,30.24235780669743,15.352147977457452,10.855607940639505
2,23,25.67276851419098,30.24235780669743,15.352147977457452,10.855607940639505
2,24,30.85530588042829,30.24235780669743,15.352147977457452,10.855607940639505
2,25,59.6165763712382,30.24235780669743,15.352147977457452,10.855607940639505
2,26,29.991299053416387,30.24235780669743,15.352147977457452,10.855607940639505
2,27,20.585092286703023,30.24235780669743,15.352147977457452,10.855607940639505
2,28,31.518037029074417,30.24235780669743,15.352147977457452,10.855607940639505
2,29,22.289003900183253,30.24235780669743,15.352147977457452,10.855607940639505
2,30,19.610408179450193,30.24235780669743,15.352147977457452,10.855607940639505
2,31,21.247040267227977,30.24235780669743,15.352147977457452,10.855607940639505
2,32,32.14502738162326,30.24235780669743,15.352147977457452,10.855607940639505
2,33,25.574824169192688,30.24235780669743,15.352147977457452,10.855607940639505
2,34,29.105006036092995,30.24235780669743,15.352147977457452,10.855607940639505
2,35,26.090518975653957,30.24235780669743,15.352147977457452,10.855607940639505
2,36,21.93454576150996,30.24235780669743,15.352147977457452,10.855607940639505
2,37,29.04404048354551,30.24235780669743,15.352147977457452,10.855607940639505
2,38,27.535049378935895,30.24235780669743,15.352147977457452,10.855607940639505
2,39,18.752489756760728,30.24235780669743,15.352147977457452,10.855607940639505
2,40,43.99829135472784,30.24235780669743,15.352147977457452,10.855607940639505
2,41,32.416396506220266,30.24235780669743,15.352147977457452,10.855607940639505
2,42,27.684542020679913,30.24235780669743,15.352147977457452,10.855607940639505
2,43,25.23185541363079,30.24235780669743,15.352147977457452,10.855607940639505
2,44,32.015701755938345,30.24235780669743,15.352147977457452,10.855607940639505
2,45,35.29382912209974,30.24235780669743,15.352147977457452,10.855607940639505
2,46,29.89958830416966,30.24235780669743,15.352147977457452,10.855607940639505
2,47,22.367037665585997,30.24235780669743,15.352147977457452,10.855607940639505
2,48,25.845328994270382,30.24235780669743,15.352147977457452,10.855607940639505
2,49,21.979805472229657,30.24235780669743,15.352147977457452,10.855607940639505
2,50,26.30605446802708,30.24235780669743,15.352147977457452,10.855607940639505
2,51,24.009403767495797,30.24235780669743,15.352147977457452,10.855607940639505
2,52,31.46795971769357,30.24235780669743,15.352147977457452,10.855607940639505
2,53,23.379981416299053,30.24235780669743,15.352147977457452,10.855607940639505
2,54,13.206778042415841,30.24235780669743,15.352147977457452,10.855607940639505
2,55,32.90175784244586,30.24235780669743,15.352147977457452,10.855607940639505
2,56,31.967281631418114,30.24235780669743,15.352147977457452,10.855607940639505
2,57,26.031712900898917,30.24235780669743,15.352147977457452,10.855607940639505
2,58,30.774436256786657,30.24235780669743,15.352147977457452,10.855607940639505
2,59,17.461955654088534,30.24235780669743,15.352147977457452,10.855607940639505
2,60,35.411302440938904,30.24235780669743,15.352147977457452,10.855607940639505
2,61,30.863459512162095,30.24235780669743,15.352147977457452,10.855607940639505
2,62,29.441850087556993,30.24235780669743,15.352147977457452,10.855607940639505
2,63,25.162742589807728,30.24235780669743,15.352147977457452,10.855607940639505
2,64,30.31581801587361,30.24235780669743,15.352147977457452,10.855607940639505
2,65,50.399246443767275,30.24235780669743,15.352147977457452,10.855607940639505
2,66,24.13300156149053,30.24235780669743,15.352147977457452,10.855607940639505
2,67,35.76659885120851,30.24235780669743,15.352147977457452,10.855607940639505
2,68,22.869520151326924,30.24235780669743,15.352147977457452,10.855607940639505
2,69,22.537566310988836,30.24235780669743,15.352147977457452,10.855607940639505
2,70,40.836763776499275,30.24235780669743,15.352147977457452,10.855607940639505
2,71,20.645375308516257,30.24235780669743,15.352147977457452,10.855607940639505
2,72,36.822762056327406,30.24235780669743,15.352147977457452,10.855607940639505
2,73,23.89486625878434,30.24235780669743,15.352147977457452,10.855607940639505
2,74,25.682154022222765,30.24235780669743,15.352147977457452,10.855607940639505
2,75,30.663840639539675,30.24235780669743,15.352147977457452,10.855607940639505
2,76,13.311492268968102,30.24235780669743,15.352147977457452,10.855607940639505
2,77,25.26019842771221,30.24235780669743,15.352147977457452,10.855607940639505
2,78,46.50769415842384,30.24235780669743,15.352147977457452,10.855607940639505
2,79,30.479937531338308,30.24235780669743,15.352147977457452,10.855607940639505
2,80,30.17697230695604,30.24235780669743,15.352147977457452,10.855607940639505
2,81,51.30203903098267,30.24235780669743,15.352147977457452,10.855607940639505
2,82,31.811912919072604,30.24235780669743,15.352147977457452,10.855607940639505
2,83,42.74361277827054,30.24235780669743,15.352147977457452,10.855607940639505
2,84,16.842720633893062,30.24235780669743,15.352147977457452,10.855607940639505
2,85,23.860940698448,30.24235780669743,15.352147977457452,10.855607940639505
2,86,24.67320181481953,30.24235780669743,15.352147977457452,10.855607940639505
2,87,22.64029080036966,30.24235780669743,15.352147977457452,10.855607940639505
2,88,29.797549630921438,30.24235780669743,15.352147977457452,10.855607940639505
2,89,19.390914150250843,30.24235780669743,15.352147977457452,10.855607940639505
2,90,52.65091263944193,30.24235780669743,15.352147977457452,10.855607940639505
2,91,25.997789614472367,30.24235780669743,15.352147977457452,10.855607940639505
2,92,22.914166344207064,30.24235780669743,15.352147977457452,10.855607940639505
2,93,35.30745806080229,30.24235780669743,15.352147977457452,10.855607940639505
2,94,30.616608437132122,30.24235780669743,15.352147977457452,10.855607940639505
2,95,54.107313387816504,30.24235780669743,15.352147977457452,10.855607940639505
2,96,25.985230075878107,30.24235780669743,15.352147977457452,10.855607940639505
2,97,32.223349432846675,30.24235780669743,15.352147977457452,10.855607940639505
2,98,20.162005095863826,30.24235780669743,15.352147977457452,10.855607940639505
2,99,23.4078496867915,30.24235780669743,15.352147977457452,10.855607940639505
2,100,43.8521590506339,30.24235780669743,15.352147977457452,10.855607940639505
5,1,24.640144615729668,30.24235780669743,15.352147977457452,6.865689295646154
5,2,23.694772292928064,30.24235780669743,15.352147977457452,6.865689295646154
5,3,25.120872854681842,30.24235780669743,15.352147977457452,6.865689295646154
5,4,19.425293837529132,30.24235780669743,15.352147977457452,6.865689295646154
5,5,24.020113681933676,30.24235780669743,15.352147977457452,6.865689295646154
5,6,24.953896561684633,30.24235780669743,15.352147977457452,6.865689295646154
5,7,41.144339090765015,30.24235780669743,15.352147977457452,6.865689295646154
5,8,23.23352781534893,30.24235780669743,15.352147977457452,6.865689295646154
5,9,23.104339460549657,30.24235780669743,15.352147977457452,6.865689295646154
5,10,27.143737247821132,30.24235780669743,15.352147977457452,6.865689295646154
5,11,23.93139548599135,30.24235780669743,15.352147977457452,6.865689295646154
5,12,29.97401119627806,30.24235780669743,15.352147977457452,6.865689295646154
5,13,30.719479004601247,30.24235780669743,15.352147977457452,6.865689295646154
5,14,30.753825391517278,30.24235780669743,15.352147977457452,6.865689295646154
5,15,32.73975865046618,30.24235780669743,15.352147977457452,6.865689295646154
5,16,40.09004025037592,30.24235780669743,15.352147977457452,6.865689295646154
5,17,23.27864401979701,30.24235780669743,15.352147977457452,6.865689295646154
5,18,30.758153778473297,30.24235780669743,15.352147977457452,6.865689295646154
5,19,36.47322706447784,30.24235780669743,15.352147977457452,6.865689295646154
5,20,38.684787952022965,30.24235780669743,15.352147977457452,6.865689295646154
5,21,27.0932903652116,30.24235780669743,15.352147977457452,6.865689295646154
5,22,45.95544764992411,30.24235780669743,15.352147977457452,6.865689295646154
5,23,35.12785756994226,30.24235780669743,15.352147977457452,6.865689295646154
5,24,28.76036787111508,30.24235780669743,15.352147977457452,6.865689295646154
5,25,26.847027093603437,30.24235780669743,15.352147977457452,6.865689295646154
5,26,27.494268091225933,30.24235780669743,15.352147977457452,6.865689295646154
5,27,27.26467135397644,30.24235780669743,15.352147977457452,6.865689295646154
5,28,23.43696470715595,30.24235780669743,15.352147977457452,6.865689295646154
5,29,26.256451904820885,30.24235780669743,15.352147977457452,6.865689295646154
5,30,32.20082554452279,30.24235780669743,15.352147977457452,6.865689295646154
5,31,21.87574157471873,30.24235780669743,15.352147977457452,6.865689295646154
5,32,30.320311258052612,30.24235780669743,15.352147977457452,6.865689295646154
5,33,50.43878649552893,30.24235780669743,15.352147977457452,6.865689295646154
5,34,23.566256052605404,30.24235780669743,15.352147977457452,6.865689295646154
5,35,25.73750417745555,30.24235780669743,15.352147977457452,6.865689295646154
5,36,19.5960953129611,30.24235780669743,15.352147977457452,6.865689295646154
5,37,57.55456875164852,30.24235780669743,15.352147977457452,6.865689295646154
5,38,37.06476540063476,30.24235780669743,15.352147977457452,6.865689295646154
5,39,20.346179189955905,30.24235780669743,15.352147977457452,6.865689295646154
5,40,39.56340947719089,30.24235780669743,15.352147977457452,6.865689295646154
5,41,37.64698703228778,30.24235780669743,15.352147977457452,6.865689295646154
5,42,23.43198007847608,30.24235780669743,15.352147977457452,6.865689295646154
5,43,26.82392705874205,30.24235780669743,15.352147977457452,6.865689295646154
5,44,30.27103755997847,30.24235780669743,15.352147977457452,6.865689295646154
5,45,27.446200100978047,30.24235780669743,15.352147977457452,6.865689295646154
5,46,50.43997880264722,30.24235780669743,15.352147977457452,6.865689295646154
5,47,23.458980408056693,30.24235780669743,15.352147977457452,6.865689295646154
5,48,34.13915665248728,30.24235780669743,15.352147977457452,6.865689295646154
5,49,26.170983800279704,30.24235780669743,15.352147977457452,6.865689295646154
5,50,34.824932492156016,30.24235780669743,15.352147977457452,6.865689295646154
5,51,32.44108967904401,30.24235780669743,15.352147977457452,6.865689295646154
5,52,24.385898268263453,30.24235780669743,15.352147977457452,6.865689295646154
5,53,47.675865470645846,30.24235780669743,15.352147977457452,6.865689295646154
5,54,28.829426588636817,30.24235780669743,15.352147977457452,6.865689295646154
5,55,27.44462142636802,30.24235780669743,15.352147977457452,6.865689295646154
5,56,28.307369688159177,30.24235780669743,15.352147977457452,6.865689295646154
5,57,31.394077743444132,30.24235780669743,15.352147977457452,6.865689295646154
5,58,41.58740831297213,30.24235780669743,15.352147977457452,6.865689295646154
5,59,24.41929541098392,30.24235780669743,15.352147977457452,6.865689295646154
5,60,34.60061320062007,30.24235780669743,15.352147977457452,6.865689295646154
5,61,29.32785279386112,30.24235780669743,15.352147977457452,6.865689295646154
5,62,23.35142778182216,30.24235780669743,15.352147977457452,6.865689295646154
5,63,32.370748903228765,30.24235780669743,15.352147977457452,6.865689295646154
5,64,22.23898077162446,30.24235780669743,15.352147977457452,6.865689295646154
5,65,25.56551109541234,30.24235780669743,15.352147977457452,6.865689295646154
5,66,35.46849162951722,30.24235780669743,15.352147977457452,6.865689295646154
5,67,30.458993608744073,30.24235780669743,15.352147977457452,6.865689295646154
5,68,24.22877826699193,30.24235780669743,15.352147977457452,6.865689295646154
5,69,24.09112155677558,30.24235780669743,15.352147977457452,6.865689295646154
5,70,27.315525826014017,30.24235780669743,15.352147977457452,6.865689295646154
5,71,22.255960395873732,30.24235780669743,15.352147977457452,6.865689295646154
5,72,19.317407719651847,30.24235780669743,15.352147977457452,6.865689295646154
5,73,25.11343232021918,30.24235780669743,15.352147977457452,6.865689295646154
5,74,22.71596683213411,30.24235780669743,15.352147977457452,6.865689295646154
5,75,27.609580936710124,30.24235780669743,15.352147977457452,6.865689295646154
5,76,34.18414929284863,30.24235780669743,15.352147977457452,6.865689295646154
5,77,33.011406949696145,30.24235780669743,15.352147977457452,6.865689295646154
5,78,32.28102965744205,30.24235780669743,15.352147977457452,6.865689295646154
5,79,28.998364730199206,30.24235780669743,15.352147977457452,6.865689295646154
5,80,32.46183100607952,30.24235780669743,15.352147977457452,6.865689295646154
5,81,23.852952966750408,30.24235780669743,15.352147977457452,6.865689295646154
5,82,36.88806237889972,30.24235780669743,15.352147977457452,6.865689295646154
5,83,25.397260551572977,30.24235780669743,15.352147977457452,6.865689295646154
5,84,27.783837292728272,30.24235780669743,15.352147977457452,6.865689295646154
5,85,33.575582177259925,30.24235780669743,15.352147977457452,6.865689295646154
5,86,22.67128607239865,30.24235780669743,15.352147977457452,6.865689295646154
5,87,22.378140178451545,30.24235780669743,15.352147977457452,6.865689295646154
5,88,25.94155985748946,30.24235780669743,15.352147977457452,6.865689295646154
5,89,29.181824022399674,30.24235780669743,15.352147977457452,6.865689295646154
5,90,22.038249617905613,30.24235780669743,15.352147977457452,6.865689295646154
5,91,26.596373253104936,30.24235780669743,15.352147977457452,6.865689295646154
5,92,36.456908567089805,30.24235780669743,15.352147977457452,6.865689295646154
5,93,28.761560177492164,30.24235780669743,15.352147977457452,6.865689295646154
5,94,38.07008327262888,30.24235780669743,15.352147977457452,6.865689295646154
5,95,27.13395117116865,30.24235780669743,15.352147977457452,6.865689295646154
5,96,28.901416371992457,30.24235780669743,15.352147977457452,6.865689295646154
5,97,30.57400714261804,30.24235780669743,15.352147977457452,6.865689295646154
5,98,25.66006995138984,30.24235780669743,15.352147977457452,6.865689295646154
5,99,18.387773126681914,30.24235780669743,15.352147977457452,6.865689295646154
5,100,32.84441113605567,30.24235780669743,15.352147977457452,6.865689295646154
10,1,24.180651462972484,30.24235780669743,15.352147977457452,4.854775458471287
10,2,38.29889549969779,30.24235780669743,15.352147977457452,4.854775458471287
10,3,30.203182632020123,30.24235780669743,15.352147977457452,4.854775458471287
10,4,33.26819194420957,30.24235780669743,15.352147977457452,4.854775458471287
10,5,33.38342921702676,30.24235780669743,15.352147977457452,4.854775458471287
10,6,40.83640988328047,30.24235780669743,15.352147977457452,4.854775458471287
10,7,30.699626494002473,30.24235780669743,15.352147977457452,4.854775458471287
10,8,34.079636857475506,30.24235780669743,15.352147977457452,4.854775458471287
10,9,24.655564566441054,30.24235780669743,15.352147977457452,4.854775458471287
10,10,27.078381158224193,30.24235780669743,15.352147977457452,4.854775458471287
10,11,33.017163318814966,30.24235780669743,15.352147977457452,4.854775458471287
10,12,31.427824728768854,30.24235780669743,15.352147977457452,4.854775458471287
10,13,23.842579550805162,30.24235780669743,15.352147977457452,4.854775458471287
10,14,32.849454739154694,30.24235780669743,15.352147977457452,4.854775458471287
10,15,28.920565507079885,30.24235780669743,15.352147977457452,4.854775458471287
10,16,35.60701654309582,30.24235780669743,15.352147977457452,4.854775458471287
10,17,27.917068199968107,30.24235780669743,15.352147977457452,4.854775458471287
10,18,35.531128577237645,30.24235780669743,15.352147977457452,4.854775458471287
10,19,33.59518405702168,30.24235780669743,15.352147977457452,4.854775458471287
10,20,29.985261172982227,30.24235780669743,15.352147977457452,4.854775458471287
10,21,26.23663478688806,30.24235780669743,15.352147977457452,4.854775458471287
10,22,27.344920890748238,30.24235780669743,15.352147977457452,4.854775458471287
10,23,25.140925315753222,30.24235780669743,15.352147977457452,4.854775458471287
10,24,29.762314411651282,30.24235780669743,15.352147977457452,4.854775458471287
10,25,29.520798835210236,30.24235780669743,15.352147977457452,4.854775458471287
10,26,33.45134112258162,30.24235780669743,15.352147977457452,4.854775458471287
10,27,32.47930942852933,30.24235780669743,15.352147977457452,4.854775458471287
10,28,28.541947928169368,30.24235780669743,15.352147977457452,4.854775458471287
10,29,28.032099312130775,30.24235780669743,15.352147977457452,4.854775458471287
10,30,28.54793371187941,30.24235780669743,15.352147977457452,4.854775458471287
10,31,27.03832650061445,30.24235780669743,15.352147977457452,4.854775458471287
10,32,26.1257116228214,30.24235780669743,15.352147977457452,4.854775458471287
10,33,32.34347102386621,30.24235780669743,15.352147977457452,4.854775458471287
10,34,25.711487215540746,30.24235780669743,15.352147977457452,4.854775458471287
10,35,22.8835756126145,30.24235780669743,15.352147977457452,4.854775458471287
10,36,31.513279863148462,30.24235780669743,15.352147977457452,4.854775458471287
10,37,26.10094572298546,30.24235780669743,15.352147977457452,4.854775458471287
10,38,19.648520486538615,30.24235780669743,15.352147977457452,4.854775458471287
10,39,26.575112450094622,30.24235780669743,15.352147977457452,4.854775458471287
10,40,29.108579456485803,30.24235780669743,15.352147977457452,4.854775458471287
10,41,35.0668988864696,30.24235780669743,15.352147977457452,4.854775458471287
10,42,39.55194439349171,30.24235780669743,15.352147977457452,4.854775458471287
10,43,29.693278580048958,30.24235780669743,15.352147977457452,4.854775458471287
10,44,26.94788135504104,30.24235780669743,15.352147977457452,4.854775458471287
10,45,31.276278172570862,30.24235780669743,15.352147977457452,4.854775458471287
10,46,29.357310349574572,30.24235780669743,15.352147977457452,4.854775458471287
10,47,29.546847075142843,30.24235780669743,15.352147977457452,4.854775458471287
10,48,29.623824583429478,30.24235780669743,15.352147977457452,4.854775458471287
10,49,32.39818748064228,30.24235780669743,15.352147977457452,4.854775458471287
10,50,31.764150276392108,30.24235780669743,15.352147977457452,4.854775458471287
10,51,28.55891978056271,30.24235780669743,15.352147977457452,4.854775458471287
10,52,28.46478510507892,30.24235780669743,15.352147977457452,4.854775458471287
10,53,36.69577069216777,30.24235780669743,15.352147977457452,4.854775458471287
10,54,23.413344775239317,30.24235780669743,15.352147977457452,4.854775458471287
10,55,36.199450703307164,30.24235780669743,15.352147977457452,4.854775458471287
10,56,26.059009833634086,30.24235780669743,15.352147977457452,4.854775458471287
10,57,42.84647330533568,30.24235780669743,15.352147977457452,4.854775458471287
10,58,28.265485984499616,30.24235780669743,15.352147977457452,4.854775458471287
10,59,28.5398029485915,30.24235780669743,15.352147977457452,4.854775458471287
10,60,34.274778727481475,30.24235780669743,15.352147977457452,4.854775458471287
10,61,29.35404323804455,30.24235780669743,15.352147977457452,4.854775458471287
10,62,24.60132245398463,30.24235780669743,15.352147977457452,4.854775458471287
10,63,38.9988231990727,30.24235780669743,15.352147977457452,4.854775458471287
10,64,26.837482867080475,30.24235780669743,15.352147977457452,4.854775458471287
10,65,30.11228255263443,30.24235780669743,15.352147977457452,4.854775458471287
10,66,25.83595457428073,30.24235780669743,15.352147977457452,4.854775458471287
10,67,26.33840241681935,30.24235780669743,15.352147977457452,4.854775458471287
10,68,28.58967371503079,30.24235780669743,15.352147977457452,4.854775458471287
10,69,30.43404792958671,30.24235780669743,15.352147977457452,4.854775458471287
10,70,24.323562739951655,30.24235780669743,15.352147977457452,4.854775458471287
10,71,27.05911906560238,30.24235780669743,15.352147977457452,4.854775458471287
10,72,36.61869971112638,30.24235780669743,15.352147977457452,4.854775458471287
10,73,42.30744615689236,30.24235780669743,15.352147977457452,4.854775458471287
10,74,28.025051841249855,30.24235780669743,15.352147977457452,4.854775458471287
10,75,35.24014234158209,30.24235780669743,15.352147977457452,4.854775458471287
10,76,38.71864372304273,30.24235780669743,15.352147977457452,4.854775458471287
10,77,36.389814471076534,30.24235780669743,15.352147977457452,4.854775458471287
10,78,28.24465206062751,30.24235780669743,15.352147977457452,4.854775458471287
10,79,25.31001592080205,30.24235780669743,15.352147977457452,4.854775458471287
10,80,30.287117737736764,30.24235780669743,15.352147977457452,4.854775458471287
10,81,32.15375595728673,30.24235780669743,15.352147977457452,4.854775458471287
10,82,35.54512744363886,30.24235780669743,15.352147977457452,4.854775458471287
10,83,38.63781213849255,30.24235780669743,15.352147977457452,4.854775458471287
10,84,23.94554495962784,30.24235780669743,15.352147977457452,4.854775458471287
10,85,41.36462387688295,30.24235780669743,15.352147977457452,4.854775458471287
10,86,33.844458113934934,30.24235780669743,15.352147977457452,4.854775458471287
10,87,29.408350191499956,30.24235780669743,15.352147977457452,4.854775458471287
10,88,30.13330542956537,30.24235780669743,15.352147977457452,4.854775458471287
10,89,27.77973476106979,30.24235780669743,15.352147977457452,4.854775458471287
10,90,33.62582802073322,30.24235780669743,15.352147977457452,4.854775458471287
10,91,25.575810191646173,30.24235780669743,15.352147977457452,4.854775458471287
10,92,41.93698980698758,30.24235780669743,15.352147977457452,4.854775458471287
10,93,34.41447065307905,30.24235780669743,15.352147977457452,4.854775458471287
10,94,25.925013090304105,30.24235780669743,15.352147977457452,4.854775458471287
10,95,27.322679813783196,30.24235780669743,15.352147977457452,4.854775458471287
10,96,32.49740367386309,30.24235780669743,15.352147977457452,4.854775458471287
10,97,24.677767143540215,30.24235780669743,15.352147977457452,4.854775458471287
10,98,26.945672013019816,30.24235780669743,15.352147977457452,4.854775458471287
10,99,28.280418299325436,30.24235780669743,15.352147977457452,4.854775458471287
10,100,22.944316282528142,30.24235780669743,15.352147977457452,4.854775458471287
20,1,32.93373901397784,30.24235780669743,15.352147977457452,3.432844647823077
20,2,28.495555834355798,30.24235780669743,15.352147977457452,3.432844647823077
20,3,30.36008582900353,30.24235780669743,15.352147977457452,3.432844647823077
20,4,28.876521675363826,30.24235780669743,15.352147977457452,3.432844647823077
20,5,28.709828935549957,30.24235780669743,15.352147977457452,3.432844647823077
20,6,31.500812773962274,30.24235780669743,15.352147977457452,3.432844647823077
20,7,33.009954315359934,30.24235780669743,15.352147977457452,3.432844647823077
20,8,27.480843503023124,30.24235780669743,15.352147977457452,3.432844647823077
20,9,33.6080972568404,30.24235780669743,15.352147977457452,3.432844647823077
20,10,27.55248005581192,30.24235780669743,15.352147977457452,3.432844647823077
20,11,40.84107933691244,30.24235780669743,15.352147977457452,3.432844647823077
20,12,31.648039967916212,30.24235780669743,15.352147977457452,3.432844647823077
20,13,31.634931291338386,30.24235780669743,15.352147977457452,3.432844647823077
20,14,30.11423987437987,30.24235780669743,15.352147977457452,3.432844647823077
20,15,29.144850483264214,30.24235780669743,15.352147977457452,3.432844647823077
20,16,26.24514948562865,30.24235780669743,15.352147977457452,3.432844647823077
20,17,25.620973323992178,30.24235780669743,15.352147977457452,3.432844647823077
20,18,31.62545638598445,30.24235780669743,15.352147977457452,3.432844647823077
20,19,27.520701289237667,30.24235780669743,15.352147977457452,3.432844647823077
20,20,29.013766526670207,30.24235780669743,15.352147977457452,3.432844647823077
20,21,30.836736401770878,30.24235780669743,15.352147977457452,3.432844647823077
20,22,28.419704353790223,30.24235780669743,15.352147977457452,3.432844647823077
20,23,30.09728104383526,30.24235780669743,15.352147977457452,3.432844647823077
20,24,28.72326680133501,30.24235780669743,15.352147977457452,3.432844647823077
20,25,31.894269884311274,30.24235780669743,15.352147977457452,3.432844647823077
20,26,28.172405222813047,30.24235780669743,15.352147977457452,3.432844647823077
20,27,28.14022478350848,30.24235780669743,15.352147977457452,3.432844647823077
20,28,30.023193128722973,30.24235780669743,15.352147977457452,3.432844647823077
20,29,33.257947026303654,30.24235780669743,15.352147977457452,3.432844647823077
20,30,28.38847726377183,30.24235780669743,15.352147977457452,3.432844647823077
20,31,28.605142072676493,30.24235780669743,15.352147977457452,3.432844647823077
20,32,28.560863052419553,30.24235780669743,15.352147977457452,3.432844647823077
20,33,25.557799709527643,30.24235780669743,15.352147977457452,3.432844647823077
20,34,23.80799854617197,30.24235780669743,15.352147977457452,3.432844647823077
20,35,27.397212248317224,30.24235780669743,15.352147977457452,3.432844647823077
20,36,27.029618849920894,30.24235780669743,15.352147977457452,3.432844647823077
20,37,24.808793578493294,30.24235780669743,15.352147977457452,3.432844647823077
20,38,31.919059928590332,30.24235780669743,15.352147977457452,3.432844647823077
20,39,33.9652021973525,30.24235780669743,15.352147977457452,3.432844647823077
20,40,30.450105430634654,30.24235780669743,15.352147977457452,3.432844647823077
20,41,26.166266310264255,30.24235780669743,15.352147977457452,3.432844647823077
20,42,27.99896580203346,30.24235780669743,15.352147977457452,3.432844647823077
20,43,21.92030291980273,30.24235780669743,15.352147977457452,3.432844647823077
20,44,25.6805550644959,30.24235780669743,15.352147977457452,3.432844647823077
20,45,29.329038179622568,30.24235780669743,15.352147977457452,3.432844647823077
20,46,24.442854640793637,30.24235780669743,15.352147977457452,3.432844647823077
20,47,30.640879719777036,30.24235780669743,15.352147977457452,3.432844647823077
20,48,33.64284265496984,30.24235780669743,15.352147977457452,3.432844647823077
20,49,25.928286072117647,30.24235780669743,15.352147977457452,3.432844647823077
20,50,24.206823288647023,30.24235780669743,15.352147977457452,3.432844647823077
20,51,28.511452495160217,30.24235780669743,15.352147977457452,3.432844647823077
20,52,30.321492081758652,30.24235780669743,15.352147977457452,3.432844647823077
20,53,31.529001411334765,30.24235780669743,15.352147977457452,3.432844647823077
20,54,31.801820214671977,30.24235780669743,15.352147977457452,3.432844647823077
20,55,40.43047177492059,30.24235780669743,15.352147977457452,3.432844647823077
20,56,30.728960260288055,30.24235780669743,15.352147977457452,3.432844647823077
20,57,27.84844822240813,30.24235780669743,15.352147977457452,3.432844647823077
20,58,28.15683948717401,30.24235780669743,15.352147977457452,3.432844647823077
20,59,24.290674073777765,30.24235780669743,15.352147977457452,3.432844647823077
20,60,31.066301433879932,30.24235780669743,15.352147977457452,3.432844647823077
20,61,29.314723621615588,30.24235780669743,15.352147977457452,3.432844647823077
20,62,28.162008584281285,30.24235780669743,15.352147977457452,3.432844647823077
20,63,34.5026470110687,30.24235780669743,15.352147977457452,3.432844647823077
20,64,27.67109880303961,30.24235780669743,15.352147977457452,3.432844647823077
20,65,32.48880514895088,30.24235780669743,15.352147977457452,3.432844647823077
20,66,30.446591195087734,30.24235780669743,15.352147977457452,3.432844647823077
20,67,24.544065790084836,30.24235780669743,15.352147977457452,3.432844647823077
20,68,38.7401384094703,30.24235780669743,15.352147977457452,3.432844647823077
20,69,30.243612423137375,30.24235780669743,15.352147977457452,3.432844647823077
20,70,32.53105159000389,30.24235780669743,15.352147977457452,3.432844647823077
20,71,32.08156263282198,30.24235780669743,15.352147977457452,3.432844647823077
20,72,33.169950148257975,30.24235780669743,15.352147977457452,3.432844647823077
20,73,30.96748215288482,30.24235780669743,15.352147977457452,3.432844647823077
20,74,26.985452338972607,30.24235780669743,15.352147977457452,3.432844647823077
20,75,27.880926422875586,30.24235780669743,15.352147977457452,3.432844647823077
20,76,33.07167394390619,30.24235780669743,15.352147977457452,3.432844647823077
20,77,25.092832268534885,30.24235780669743,15.352147977457452,3.432844647823077
20,78,29.75823259202456,30.24235780669743,15.352147977457452,3.432844647823077
20,79,31.357227909036016,30.24235780669743,15.352147977457452,3.432844647823077
20,80,33.592500627233214,30.24235780669743,15.352147977457452,3.432844647823077
20,81,25.438194309420695,30.24235780669743,15.352147977457452,3.432844647823077
20,82,26.56307367816064,30.24235780669743,15.352147977457452,3.432844647823077
20,83,28.709004404646976,30.24235780669743,15.352147977457452,3.432844647823077
20,84,30.602442401337083,30.24235780669743,15.352147977457452,3.432844647823077
20,85,24.570231335613677,30.24235780669743,15.352147977457452,3.432844647823077
20,86,34.73230959764885,30.24235780669743,15.352147977457452,3.432844647823077
20,87,27.610428347627618,30.24235780669743,15.352147977457452,3.432844647823077
20,88,28.71829055392272,30.24235780669743,15.352147977457452,3.432844647823077
20,89,25.30380656232945,30.24235780669743,15.352147977457452,3.432844647823077
20,90,28.075806329862075,30.24235780669743,15.352147977457452,3.432844647823077
20,91,27.370021479483853,30.24235780669743,15.352147977457452,3.432844647823077
20,92,30.694571020783382,30.24235780669743,15.352147977457452,3.432844647823077
20,93,27.152785213680374,30.24235780669743,15.352147977457452,3.432844647823077
20,94,29.141027619755853,30.24235780669743,15.352147977457452,3.432844647823077
20,95,31.396976433229412,30.24235780669743,15.352147977457452,3.432844647823077
20,96,35.47129910080177,30.24235780669743,15.352147977457452,3.432844647823077
20,97,25.10925721018677,30.24235780669743,15.352147977457452,3.432844647823077
20,98,26.99306956839904,30.24235780669743,15.352147977457452,3.432844647823077
20,99,33.76674821430578,30.24235780669743,15.352147977457452,3.432844647823077
20,100,32.45345899562419,30.24235780669743,15.352147977457452,3.432844647823077
50,1,30.547456163043385,30.24235780669743,15.352147977457452,2.171121588127901
50,2,31.645916182006474,30.24235780669743,15.352147977457452,2.171121588127901
50,3,30.398945173219897,30.24235780669743,15.352147977457452,2.171121588127901
50,4,29.39598542175061,30.24235780669743,15.352147977457452,2.171121588127901
50,5,28.303897355648804,30.24235780669743,15.352147977457452,2.171121588127901
50,6,31.154020193368478,30.24235780669743,15.352147977457452,2.171121588127901
50,7,27.28359306513228,30.24235780669743,15.352147977457452,2.171121588127901
50,8,30.448239592829122,30.24235780669743,15.352147977457452,2.171121588127901
50,9,29.321427904468855,30.24235780669743,15.352147977457452,2.171121588127901
50,10,31.337156464209002,30.24235780669743,15.352147977457452,2.171121588127901
50,11,29.195262849650433,30.24235780669743,15.352147977457452,2.171121588127901
50,12,26.599647248545175,30.24235780669743,15.352147977457452,2.171121588127901
50,13,30.369299821326734,30.24235780669743,15.352147977457452,2.171121588127901
50,14,33.956119006827045,30.24235780669743,15.352147977457452,2.171121588127901
50,15,28.181161826256915,30.24235780669743,15.352147977457452,2.171121588127901
50,16,32.56860002156513,30.24235780669743,15.352147977457452,2.171121588127901
50,17,30.160929687389054,30.24235780669743,15.352147977457452,2.171121588127901
50,18,30.062394696229553,30.24235780669743,15.352147977457452,2.171121588127901
50,19,31.287270859671754,30.24235780669743,15.352147977457452,2.171121588127901
50,20,30.65268457854221,30.24235780669743,15.352147977457452,2.171121588127901
50,21,31.562507020122126,30.24235780669743,15.352147977457452,2.171121588127901
50,22,32.26999149367539,30.24235780669743,15.352147977457452,2.171121588127901
50,23,29.422816367156994,30.24235780669743,15.352147977457452,2.171121588127901
50,24,29.814395812705552,30.24235780669743,15.352147977457452,2.171121588127901
50,25,28.742118174832036,30.24235780669743,15.352147977457452,2.171121588127901
50,26,27.643189713133097,30.24235780669743,15.352147977457452,2.171121588127901
50,27,29.336579578272982,30.24235780669743,15.352147977457452,2.171121588127901
50,28,35.06193505720933,30.24235780669743,15.352147977457452,2.171121588127901
50,29,32.195726038431175,30.24235780669743,15.352147977457452,2.171121588127901
50,30,31.577851632260572,30.24235780669743,15.352147977457452,2.171121588127901
50,31,27.54581030831879,30.24235780669743,15.352147977457452,2.171121588127901
50,32,31.843148481927713,30.24235780669743,15.352147977457452,2.171121588127901
50,33,32.095026369357804,30.24235780669743,15.352147977457452,2.171121588127901
50,34,28.278118263402735,30.24235780669743,15.352147977457452,2.171121588127901
50,35,35.26593652595787,30.24235780669743,15.352147977457452,2.171121588127901
50,36,29.022802626157535,30.24235780669743,15.352147977457452,2.171121588127901
50,37,30.423952737236736,30.24235780669743,15.352147977457452,2.171121588127901
50,38,29.57939543350473,30.24235780669743,15.352147977457452,2.171121588127901
50,39,31.630142925023893,30.24235780669743,15.352147977457452,2.171121588127901
50,40,32.50065955409298,30.24235780669743,15.352147977457452,2.171121588127901
50,41,33.51142046509226,30.24235780669743,15.352147977457452,2.171121588127901
50,42,31.507109731536076,30.24235780669743,15.352147977457452,2.171121588127901
50,43,27.479069916737398,30.24235780669743,15.352147977457452,2.171121588127901
50,44,32.97283606291947,30.24235780669743,15.352147977457452,2.171121588127901
50,45,32.069535049815,30.24235780669743,15.352147977457452,2.171121588127901
50,46,35.65478013961186,30.24235780669743,15.352147977457452,2.171121588127901
50,47,29.541902451467465,30.24235780669743,15.352147977457452,2.171121588127901
50,48,28.16565342837996,30.24235780669743,15.352147977457452,2.171121588127901
50,49,30.132643069445706,30.24235780669743,15.352147977457452,2.171121588127901
50,50,35.71930125647218,30.24235780669743,15.352147977457452,2.171121588127901
50,51,29.589407308263905,30.24235780669743,15.352147977457452,2.171121588127901
50,52,30.379699390454093,30.24235780669743,15.352147977457452,2.171121588127901
50,53,27.524403403827563,30.24235780669743,15.352147977457452,2.171121588127901
50,54,29.756096679567545,30.24235780669743,15.352147977457452,2.171121588127901
50,55,29.389660445131504,30.24235780669743,15.352147977457452,2.171121588127901
50,56,25.85117368205799,30.24235780669743,15.352147977457452,2.171121588127901
50,57,29.548876860770932,30.24235780669743,15.352147977457452,2.171121588127901
50,58,29.41922935617362,30.24235780669743,15.352147977457452,2.171121588127901
50,59,29.839932015211375,30.24235780669743,15.352147977457452,2.171121588127901
50,60,28.506378267345028,30.24235780669743,15.352147977457452,2.171121588127901
50,61,27.837710875030083,30.24235780669743,15.352147977457452,2.171121588127901
50,62,29.019878860096277,30.24235780669743,15.352147977457452,2.171121588127901
50,63,30.956680126166738,30.24235780669743,15.352147977457452,2.171121588127901
50,64,30.926055098009464,30.24235780669743,15.352147977457452,2.171121588127901
50,65,30.30361493783226,30.24235780669743,15.352147977457452,2.171121588127901
50,66,31.476256069683718,30.24235780669743,15.352147977457452,2.171121588127901
50,67,32.78719246807901,30.24235780669743,15.352147977457452,2.171121588127901
50,68,27.750774709692287,30.24235780669743,15.352147977457452,2.171121588127901
50,69,31.296388569341733,30.24235780669743,15.352147977457452,2.171121588127901
50,70,29.02065429682313,30.24235780669743,15.352147977457452,2.171121588127901
50,71,29.845693753333357,30.24235780669743,15.352147977457452,2.171121588127901
50,72,32.90377745890933,30.24235780669743,15.352147977457452,2.171121588127901
50,73,31.76067064779136,30.24235780669743,15.352147977457452,2.171121588127901
50,74,30.1860778575518,30.24235780669743,15.352147977457452,2.171121588127901
50,75,30.96858319275454,30.24235780669743,15.352147977457452,2.171121588127901
50,76,29.786459945284065,30.24235780669743,15.352147977457452,2.171121588127901
50,77,33.887725804364166,30.24235780669743,15.352147977457452,2.171121588127901
50,78,29.709414265478177,30.24235780669743,15.352147977457452,2.171121588127901
50,79,31.180938311669273,30.24235780669743,15.352147977457452,2.171121588127901
50,80,30.59432223379804,30.24235780669743,15.352147977457452,2.171121588127901
50,81,29.973455769954672,30.24235780669743,15.352147977457452,2.171121588127901
50,82,28.245517932953682,30.24235780669743,15.352147977457452,2.171121588127901
50,83,31.87175725513523,30.24235780669743,15.352147977457452,2.171121588127901
50,84,29.232926160385805,30.24235780669743,15.352147977457452,2.171121588127901
50,85,29.466230739420098,30.24235780669743,15.352147977457452,2.171121588127901
50,86,29.621590993379055,30.24235780669743,15.352147977457452,2.171121588127901
50,87,30.195427922080786,30.24235780669743,15.352147977457452,2.171121588127901
50,88,31.917962659554323,30.24235780669743,15.352147977457452,2.171121588127901
50,89,30.520638638105673,30.24235780669743,15.352147977457452,2.171121588127901
50,90,29.804928912483128,30.24235780669743,15.352147977457452,2.171121588127901
50,91,34.04336283815313,30.24235780669743,15.352147977457452,2.171121588127901
50,92,31.088872233040096,30.24235780669743,15.352147977457452,2.171121588127901
50,93,28.0281117744837,30.24235780669743,15.352147977457452,2.171121588127901
50,94,30.944844680369144,30.24235780669743,15.352147977457452,2.171121588127901
50,95,36.08929549037834,30.24235780669743,15.352147977457452,2.171121588127901
50,96,28.77468969115711,30.24235780669743,15.352147977457452,2.171121588127901
50,97,31.473567153914473,30.24235780669743,15.352147977457452,2.171121588127901
50,98,34.27176287926868,30.24235780669743,15.352147977457452,2.171121588127901
50,99,33.90449383584635,30.24235780669743,15.352147977457452,2.171121588127901
50,100,32.8068164702902,30.24235780669743,15.352147977457452,2.171121588127901
100,1,30.61139881718075,30.24235780669743,15.352147977457452,1.5352147977457453
100,2,29.717487619781537,30.24235780669743,15.352147977457452,1.5352147977457453
100,3,29.105707206214344,30.24235780669743,15.352147977457452,1.5352147977457453
100,4,30.412414277528086,30.24235780669743,15.352147977457452,1.5352147977457453
100,5,31.24773963656571,30.24235780669743,15.352147977457452,1.5352147977457453
100,6,29.877740735091187,30.24235780669743,15.352147977457452,1.5352147977457453
100,7,30.65539811952804,30.24235780669743,15.352147977457452,1.5352147977457453
100,8,30.310096781921224,30.24235780669743,15.352147977457452,1.5352147977457453
100,9,31.021916018962344,30.24235780669743,15.352147977457452,1.5352147977457453
100,10,30.08995321117688,30.24235780669743,15.352147977457452,1.5352147977457453
100,11,28.676593568826192,30.24235780669743,15.352147977457452,1.5352147977457453
100,12,30.97254589662795,30.24235780669743,15.352147977457452,1.5352147977457453
100,13,29.926048286648594,30.24235780669743,15.352147977457452,1.5352147977457453
100,14,30.238469649165985,30.24235780669743,15.352147977457452,1.5352147977457453
100,15,31.414935332627657,30.24235780669743,15.352147977457452,1.5352147977457453
100,16,26.944026788278475,30.24235780669743,15.352147977457452,1.5352147977457453
100,17,29.161971777273276,30.24235780669743,15.352147977457452,1.5352147977457453
100,18,32.04376200095834,30.24235780669743,15.352147977457452,1.5352147977457453
100,19,31.74969273960036,30.24235780669743,15.352147977457452,1.5352147977457453
100,20,29.689681999830587,30.24235780669743,15.352147977457452,1.5352147977457453
100,21,29.80218338275979,30.24235780669743,15.352147977457452,1.5352147977457453
100,22,28.66052074374172,30.24235780669743,15.352147977457452,1.5352147977457453
100,23,29.071458226932446,30.24235780669743,15.352147977457452,1.5352147977457453
100,24,32.10696274183315,30.24235780669743,15.352147977457452,1.5352147977457453
100,25,32.07986925083382,30.24235780669743,15.352147977457452,1.5352147977457453
100,26,28.385410464064257,30.24235780669743,15.352147977457452,1.5352147977457453
100,27,30.97168655023055,30.24235780669743,15.352147977457452,1.5352147977457453
100,28,30.78046624353133,30.24235780669743,15.352147977457452,1.5352147977457453
100,29,28.28998850627663,30.24235780669743,15.352147977457452,1.5352147977457453
100,30,31.24259689176648,30.24235780669743,15.352147977457452,1.5352147977457453
100,31,28.326929374587863,30.24235780669743,15.352147977457452,1.5352147977457453
100,32,30.850919264892255,30.24235780669743,15.352147977457452,1.5352147977457453
100,33,30.27732737199342,30.24235780669743,15.352147977457452,1.5352147977457453
100,34,29.08198429455363,30.24235780669743,15.352147977457452,1.5352147977457453
100,35,31.98825182963669,30.24235780669743,15.352147977457452,1.5352147977457453
100,36,29.434490270529345,30.24235780669743,15.352147977457452,1.5352147977457453
100,37,30.4633618112146,30.24235780669743,15.352147977457452,1.5352147977457453
100,38,32.11720798276568,30.24235780669743,15.352147977457452,1.5352147977457453
100,39,30.946412108697363,30.24235780669743,15.352147977457452,1.5352147977457453
100,40,28.960483532161025,30.24235780669743,15.352147977457452,1.5352147977457453
100,41,29.2748964619967,30.24235780669743,15.352147977457452,1.5352147977457453
100,42,29.218742109900855,30.24235780669743,15.352147977457452,1.5352147977457453
100,43,29.28341905023189,30.24235780669743,15.352147977457452,1.5352147977457453
100,44,30.47925535988787,30.24235780669743,15.352147977457452,1.5352147977457453
100,45,32.3792911641798,30.24235780669743,15.352147977457452,1.5352147977457453
100,46,31.40781705479995,30.24235780669743,15.352147977457452,1.5352147977457453
100,47,29.29927985481077,30.24235780669743,15.352147977457452,1.5352147977457453
100,48,28.01655946458623,30.24235780669743,15.352147977457452,1.5352147977457453
100,49,29.831376585898937,30.24235780669743,15.352147977457452,1.5352147977457453
100,50,31.656678901311352,30.24235780669743,15.352147977457452,1.5352147977457453
100,51,29.461493346469965,30.24235780669743,15.352147977457452,1.5352147977457453
100,52,32.56187709639939,30.24235780669743,15.352147977457452,1.5352147977457453
100,53,29.469554093560706,30.24235780669743,15.352147977457452,1.5352147977457453
100,54,30.737075403719768,30.24235780669743,15.352147977457452,1.5352147977457453
100,55,27.56099064096622,30.24235780669743,15.352147977457452,1.5352147977457453
100,56,31.114192745992426,30.24235780669743,15.352147977457452,1.5352147977457453
100,57,29.802549493775555,30.24235780669743,15.352147977457452,1.5352147977457453
100,58,29.27049587204497,30.24235780669743,15.352147977457452,1.5352147977457453
100,59,28.118449387042038,30.24235780669743,15.352147977457452,1.5352147977457453
100,60,30.80152108948752,30.24235780669743,15.352147977457452,1.5352147977457453
100,61,29.048716411075578,30.24235780669743,15.352147977457452,1.5352147977457453
100,62,28.082603764883487,30.24235780669743,15.352147977457452,1.5352147977457453
100,63,31.72099717876171,30.24235780669743,15.352147977457452,1.5352147977457453
100,64,29.178086485214045,30.24235780669743,15.352147977457452,1.5352147977457453
100,65,28.847512972922686,30.24235780669743,15.352147977457452,1.5352147977457453
100,66,31.528527742269354,30.24235780669743,15.352147977457452,1.5352147977457453
100,67,30.258175612769616,30.24235780669743,15.352147977457452,1.5352147977457453
100,68,31.56603800024642,30.24235780669743,15.352147977457452,1.5352147977457453
100,69,30.383058871315132,30.24235780669743,15.352147977457452,1.5352147977457453
100,70,32.19110415781849,30.24235780669743,15.352147977457452,1.5352147977457453
100,71,27.873503179844107,30.24235780669743,15.352147977457452,1.5352147977457453
100,72,30.77353123472205,30.24235780669743,15.352147977457452,1.5352147977457453
100,73,26.379148327990865,30.24235780669743,15.352147977457452,1.5352147977457453
100,74,28.96248732233866,30.24235780669743,15.352147977457452,1.5352147977457453
100,75,30.1561362822158,30.24235780669743,15.352147977457452,1.5352147977457453
100,76,32.32533594783069,30.24235780669743,15.352147977457452,1.5352147977457453
100,77,31.673115463336522,30.24235780669743,15.352147977457452,1.5352147977457453
100,78,31.272493129072615,30.24235780669743,15.352147977457452,1.5352147977457453
100,79,30.663874617147567,30.24235780669743,15.352147977457452,1.5352147977457453
100,80,29.745777376646387,30.24235780669743,15.352147977457452,1.5352147977457453
100,81,34.16696579941715,30.24235780669743,15.352147977457452,1.5352147977457453
100,82,32.49922408563437,30.24235780669743,15.352147977457452,1.5352147977457453
100,83,30.674795592907245,30.24235780669743,15.352147977457452,1.5352147977457453
100,84,30.31585539709454,30.24235780669743,15.352147977457452,1.5352147977457453
100,85,29.853948980741073,30.24235780669743,15.352147977457452,1.5352147977457453
100,86,29.890604270827552,30.24235780669743,15.352147977457452,1.5352147977457453
100,87,29.953933033878258,30.24235780669743,15.352147977457452,1.5352147977457453
100,88,30.33225069408218,30.24235780669743,15.352147977457452,1.5352147977457453
100,89,32.16127686205123,30.24235780669743,15.352147977457452,1.5352147977457453
100,90,30.296978752787286,30.24235780669743,15.352147977457452,1.5352147977457453
100,91,31.25500480082608,30.24235780669743,15.352147977457452,1.5352147977457453
100,92,29.63211838863692,30.24235780669743,15.352147977457452,1.5352147977457453
100,93,31.183268835659195,30.24235780669743,15.352147977457452,1.5352147977457453
100,94,30.14067615624322,30.24235780669743,15.352147977457452,1.5352147977457453
100,95,29.440835586831586,30.24235780669743,15.352147977457452,1.5352147977457453
100,96,28.78429221618433,30.24235780669743,15.352147977457452,1.5352147977457453
100,97,29.80822091160802,30.24235780669743,15.352147977457452,1.5352147977457453
100,98,28.881469753356765,30.24235780669743,15.352147977457452,1.5352147977457453
100,99,30.31821010559515,30.24235780669743,15.352147977457452,1.5352147977457453
100,100,28.46962137506161,30.24235780669743,15.352147977457452,1.5352147977457453
500,1,30.37800037419412,30.24235780669743,15.352147977457452,0.6865689295646155
500,2,30.537147655992293,30.24235780669743,15.352147977457452,0.6865689295646155
500,3,30.68637510084922,30.24235780669743,15.352147977457452,0.6865689295646155
500,4,30.126086760468503,30.24235780669743,15.352147977457452,0.6865689295646155
500,5,29.70163073784806,30.24235780669743,15.352147977457452,0.6865689295646155
500,6,29.816736505459595,30.24235780669743,15.352147977457452,0.6865689295646155
500,7,31.22669776474926,30.24235780669743,15.352147977457452,0.6865689295646155
500,8,30.5849301769759,30.24235780669743,15.352147977457452,0.6865689295646155
500,9,30.94214144188008,30.24235780669743,15.352147977457452,0.6865689295646155
500,10,30.42457913377914,30.24235780669743,15.352147977457452,0.6865689295646155
500,11,29.991310323694268,30.24235780669743,15.352147977457452,0.6865689295646155
500,12,28.620781375560693,30.24235780669743,15.352147977457452,0.6865689295646155
500,13,30.187903631316416,30.24235780669743,15.352147977457452,0.6865689295646155
500,14,30.84789462725834,30.24235780669743,15.352147977457452,0.6865689295646155
500,15,31.310935174890503,30.24235780669743,15.352147977457452,0.6865689295646155
500,16,28.844067477622435,30.24235780669743,15.352147977457452,0.6865689295646155
500,17,30.2808921841381,30.24235780669743,15.352147977457452,0.6865689295646155
500,18,29.833565975318685,30.24235780669743,15.352147977457452,0.6865689295646155
500,19,32.035696314330075,30.24235780669743,15.352147977457452,0.6865689295646155
500,20,29.422815854315996,30.24235780669743,15.352147977457452,0.6865689295646155
500,21,30.2940594333204,30.24235780669743,15.352147977457452,0.6865689295646155
500,22,31.287580737055126,30.24235780669743,15.352147977457452,0.6865689295646155
500,23,30.772481278795244,30.24235780669743,15.352147977457452,0.6865689295646155
500,24,29.829871267966247,30.24235780669743,15.352147977457452,0.6865689295646155
500,25,28.728064154803054,30.24235780669743,15.352147977457452,0.6865689295646155
500,26,30.04301786334977,30.24235780669743,15.352147977457452,0.6865689295646155
500,27,30.56189555637193,30.24235780669743,15.352147977457452,0.6865689295646155
500,28,29.351795283884424,30.24235780669743,15.352147977457452,0.6865689295646155
500,29,30.06839402781317,30.24235780669743,15.352147977457452,0.6865689295646155
500,30,30.626792072051305,30.24235780669743,15.352147977457452,0.6865689295646155
500,31,30.551111257959352,30.24235780669743,15.352147977457452,0.6865689295646155
500,32,30.280001433447776,30.24235780669743,15.352147977457452,0.6865689295646155
500,33,29.62351787527647,30.24235780669743,15.352147977457452,0.6865689295646155
500,34,30.881705352558217,30.24235780669743,15.352147977457452,0.6865689295646155
500,35,30.157815914477585,30.24235780669743,15.352147977457452,0.6865689295646155
500,36,29.88647156292627,30.24235780669743,15.352147977457452,0.6865689295646155
500,37,30.44484761020179,30.24235780669743,15.352147977457452,0.6865689295646155
500,38,29.74830670848298,30.24235780669743,15.352147977457452,0.6865689295646155
500,39,30.06211870600808,30.24235780669743,15.352147977457452,0.6865689295646155
500,40,31.195904024246367,30.24235780669743,15.352147977457452,0.6865689295646155
500,41,29.438879796883484,30.24235780669743,15.352147977457452,0.6865689295646155
500,42,29.535243183121864,30.24235780669743,15.352147977457452,0.6865689295646155
500,43,30.80284948089708,30.24235780669743,15.352147977457452,0.6865689295646155
500,44,30.070678777039976,30.24235780669743,15.352147977457452,0.6865689295646155
500,45,31.246571398446335,30.24235780669743,15.352147977457452,0.6865689295646155
500,46,31.5493089256153,30.24235780669743,15.352147977457452,0.6865689295646155
500,47,28.904892204602454,30.24235780669743,15.352147977457452,0.6865689295646155
500,48,30.06712507216413,30.24235780669743,15.352147977457452,0.6865689295646155
500,49,29.65942222213823,30.24235780669743,15.352147977457452,0.6865689295646155
500,50,29.535439313817065,30.24235780669743,15.352147977457452,0.6865689295646155
500,51,30.69541190139648,30.24235780669743,15.352147977457452,0.6865689295646155
500,52,29.39849655019833,30.24235780669743,15.352147977457452,0.6865689295646155
500,53,30.037753965723216,30.24235780669743,15.352147977457452,0.6865689295646155
500,54,29.65936574053126,30.24235780669743,15.352147977457452,0.6865689295646155
500,55,30.084413427757376,30.24235780669743,15.352147977457452,0.6865689295646155
500,56,29.61809033248786,30.24235780669743,15.352147977457452,0.6865689295646155
500,57,29.74428689375159,30.24235780669743,15.352147977457452,0.6865689295646155
500,58,30.280636428044264,30.24235780669743,15.352147977457452,0.6865689295646155
500,59,30.146372715419734,30.24235780669743,15.352147977457452,0.6865689295646155
500,60,30.331586519760684,30.24235780669743,15.352147977457452,0.6865689295646155
500,61,30.22065966414613,30.24235780669743,15.352147977457452,0.6865689295646155
500,62,29.962586372695636,30.24235780669743,15.352147977457452,0.6865689295646155
500,63,29.808417994938736,30.24235780669743,15.352147977457452,0.6865689295646155
500,64,30.01393856369234,30.24235780669743,15.352147977457452,0.6865689295646155
500,65,31.98695696694812,30.24235780669743,15.352147977457452,0.6865689295646155
500,66,28.953498616490542,30.24235780669743,15.352147977457452,0.6865689295646155
500,67,31.217646941298252,30.24235780669743,15.352147977457452,0.6865689295646155
500,68,30.24467563618428,30.24235780669743,15.352147977457452,0.6865689295646155
500,69,29.430860125020008,30.24235780669743,15.352147977457452,0.6865689295646155
500,70,30.460616730350598,30.24235780669743,15.352147977457452,0.6865689295646155
500,71,30.42884306757131,30.24235780669743,15.352147977457452,0.6865689295646155
500,72,31.03980291357836,30.24235780669743,15.352147977457452,0.6865689295646155
500,73,30.820075313998668,30.24235780669743,15.352147977457452,0.6865689295646155
500,74,30.089477570830436,30.24235780669743,15.352147977457452,0.6865689295646155
500,75,30.663335427894385,30.24235780669743,15.352147977457452,0.6865689295646155
500,76,30.41446569372727,30.24235780669743,15.352147977457452,0.6865689295646155
500,77,30.35020005230233,30.24235780669743,15.352147977457452,0.6865689295646155
500,78,30.141099262828632,30.24235780669743,15.352147977457452,0.6865689295646155
500,79,30.4458780321694,30.24235780669743,15.352147977457452,0.6865689295646155
500,80,29.784700488711437,30.24235780669743,15.352147977457452,0.6865689295646155
500,81,30.7857572229215,30.24235780669743,15.352147977457452,0.6865689295646155
500,82,31.47867365040267,30.24235780669743,15.352147977457452,0.6865689295646155
500,83,29.531893773407145,30.24235780669743,15.352147977457452,0.6865689295646155
500,84,30.39000305468656,30.24235780669743,15.352147977457452,0.6865689295646155
500,85,31.38316867646634,30.24235780669743,15.352147977457452,0.6865689295646155
500,86,30.914791884786673,30.24235780669743,15.352147977457452,0.6865689295646155
500,87,30.868944476243634,30.24235780669743,15.352147977457452,0.6865689295646155
500,88,29.802905170727445,30.24235780669743,15.352147977457452,0.6865689295646155
500,89,29.78380331467226,30.24235780669743,15.352147977457452,0.6865689295646155
500,90,30.852732748137555,30.24235780669743,15.352147977457452,0.6865689295646155
500,91,29.095511760283056,30.24235780669743,15.352147977457452,0.6865689295646155
500,92,29.620106437237165,30.24235780669743,15.352147977457452,0.6865689295646155
500,93,29.059340534296542,30.24235780669743,15.352147977457452,0.6865689295646155
500,94,30.369284563959386,30.24235780669743,15.352147977457452,0.6865689295646155
500,95,30.747895441632828,30.24235780669743,15.352147977457452,0.6865689295646155
500,96,29.808705080873878,30.24235780669743,15.352147977457452,0.6865689295646155
500,97,30.576813163394608,30.24235780669743,15.352147977457452,0.6865689295646155
500,98,30.529907895705804,30.24235780669743,15.352147977457452,0.6865689295646155
500,99,30.874555647953223,30.24235780669743,15.352147977457452,0.6865689295646155
500,100,29.995648678392456,30.24235780669743,15.352147977457452,0.6865689295646155
1000,1,30.793363316540724,30.24235780669743,15.352147977457452,0.4854775458471287
1000,2,29.617069765139334,30.24235780669743,15.352147977457452,0.4854775458471287
1000,3,30.364406031773502,30.24235780669743,15.352147977457452,0.4854775458471287
1000,4,30.502899145395407,30.24235780669743,15.352147977457452,0.4854775458471287
1000,5,30.061988288653513,30.24235780669743,15.352147977457452,0.4854775458471287
1000,6,29.82309583394362,30.24235780669743,15.352147977457452,0.4854775458471287
1000,7,29.50858632304115,30.24235780669743,15.352147977457452,0.4854775458471287
1000,8,30.143946803013087,30.24235780669743,15.352147977457452,0.4854775458471287
1000,9,30.312031676187836,30.24235780669743,15.352147977457452,0.4854775458471287
1000,10,30.03460073084662,30.24235780669743,15.352147977457452,0.4854775458471287
1000,11,30.42924192367389,30.24235780669743,15.352147977457452,0.4854775458471287
1000,12,30.35692997702746,30.24235780669743,15.352147977457452,0.4854775458471287
1000,13,30.357786060075362,30.24235780669743,15.352147977457452,0.4854775458471287
1000,14,30.221917967916216,30.24235780669743,15.352147977457452,0.4854775458471287
1000,15,30.22836266622662,30.24235780669743,15.352147977457452,0.4854775458471287
1000,16,30.670787624228883,30.24235780669743,15.352147977457452,0.4854775458471287
1000,17,30.3436163010339,30.24235780669743,15.352147977457452,0.4854775458471287
1000,18,30.437463850679375,30.24235780669743,15.352147977457452,0.4854775458471287
1000,19,30.552091721055092,30.24235780669743,15.352147977457452,0.4854775458471287
1000,20,30.452342122690077,30.24235780669743,15.352147977457452,0.4854775458471287
1000,21,29.842366816395362,30.24235780669743,15.352147977457452,0.4854775458471287
1000,22,29.17826744581364,30.24235780669743,15.352147977457452,0.4854775458471287
1000,23,30.20211550340965,30.24235780669743,15.352147977457452,0.4854775458471287
1000,24,30.647144385178706,30.24235780669743,15.352147977457452,0.4854775458471287
1000,25,30.405632732629797,30.24235780669743,15.352147977457452,0.4854775458471287
1000,26,30.65390407372669,30.24235780669743,15.352147977457452,0.4854775458471287
1000,27,29.658062837696548,30.24235780669743,15.352147977457452,0.4854775458471287
1000,28,28.909675464017187,30.24235780669743,15.352147977457452,0.4854775458471287
1000,29,30.405655598034983,30.24235780669743,15.352147977457452,0.4854775458471287
1000,30,30.34240836121352,30.24235780669743,15.352147977457452,0.4854775458471287
1000,31,30.61995591504414,30.24235780669743,15.352147977457452,0.4854775458471287
1000,32,30.32505040527533,30.24235780669743,15.352147977457452,0.4854775458471287
1000,33,29.71297500406132,30.24235780669743,15.352147977457452,0.4854775458471287
1000,34,30.852732433368452,30.24235780669743,15.352147977457452,0.4854775458471287
1000,35,30.078693877855414,30.24235780669743,15.352147977457452,0.4854775458471287
1000,36,30.420014231318532,30.24235780669743,15.352147977457452,0.4854775458471287
1000,37,30.336943555031358,30.24235780669743,15.352147977457452,0.4854775458471287
1000,38,29.849345967459588,30.24235780669743,15.352147977457452,0.4854775458471287
1000,39,30.228267291496792,30.24235780669743,15.352147977457452,0.4854775458471287
1000,40,30.006353721058264,30.24235780669743,15.352147977457452,0.4854775458471287
1000,41,29.928431495875948,30.24235780669743,15.352147977457452,0.4854775458471287
1000,42,30.858414380823,30.24235780669743,15.352147977457452,0.4854775458471287
1000,43,30.068062351133875,30.24235780669743,15.352147977457452,0.4854775458471287
1000,44,30.23991317656808,30.24235780669743,15.352147977457452,0.4854775458471287
1000,45,30.159259125941098,30.24235780669743,15.352147977457452,0.4854775458471287
1000,46,29.77872234535892,30.24235780669743,15.352147977457452,0.4854775458471287
1000,47,30.419007115029526,30.24235780669743,15.352147977457452,0.4854775458471287
1000,48,30.639885853669302,30.24235780669743,15.352147977457452,0.4854775458471287
1000,49,30.932484463881064,30.24235780669743,15.352147977457452,0.4854775458471287
1000,50,30.268431297380708,30.24235780669743,15.352147977457452,0.4854775458471287
1000,51,30.70641802941846,30.24235780669743,15.352147977457452,0.4854775458471287
1000,52,30.48006372935102,30.24235780669743,15.352147977457452,0.4854775458471287
1000,53,30.70286444091775,30.24235780669743,15.352147977457452,0.4854775458471287
1000,54,29.795597662474215,30.24235780669743,15.352147977457452,0.4854775458471287
1000,55,30.82290911180428,30.24235780669743,15.352147977457452,0.4854775458471287
1000,56,30.589162952331215,30.24235780669743,15.352147977457452,0.4854775458471287
1000,57,29.326160907238606,30.24235780669743,15.352147977457452,0.4854775458471287
1000,58,30.55439594948348,30.24235780669743,15.352147977457452,0.4854775458471287
1000,59,29.967876065985575,30.24235780669743,15.352147977457452,0.4854775458471287
1000,60,29.56957720143014,30.24235780669743,15.352147977457452,0.4854775458471287
1000,61,30.819545625446594,30.24235780669743,15.352147977457452,0.4854775458471287
1000,62,30.344611896707995,30.24235780669743,15.352147977457452,0.4854775458471287
1000,63,29.723503013333875,30.24235780669743,15.352147977457452,0.4854775458471287
1000,64,29.73841058272005,30.24235780669743,15.352147977457452,0.4854775458471287
1000,65,30.60189046515239,30.24235780669743,15.352147977457452,0.4854775458471287
1000,66,30.557940089690106,30.24235780669743,15.352147977457452,0.4854775458471287
1000,67,29.866751836525825,30.24235780669743,15.352147977457452,0.4854775458471287
1000,68,30.107078937059864,30.24235780669743,15.352147977457452,0.4854775458471287
1000,69,30.645995573557386,30.24235780669743,15.352147977457452,0.4854775458471287
1000,70,30.62930199377955,30.24235780669743,15.352147977457452,0.4854775458471287
1000,71,30.02649912268819,30.24235780669743,15.352147977457452,0.4854775458471287
1000,72,30.01421921778768,30.24235780669743,15.352147977457452,0.4854775458471287
1000,73,29.905897157593333,30.24235780669743,15.352147977457452,0.4854775458471287
1000,74,29.965045482685067,30.24235780669743,15.352147977457452,0.4854775458471287
1000,75,29.43378130655706,30.24235780669743,15.352147977457452,0.4854775458471287
1000,76,30.143446732162445,30.24235780669743,15.352147977457452,0.4854775458471287
1000,77,30.258289411704236,30.24235780669743,15.352147977457452,0.4854775458471287
1000,78,30.394589161152346,30.24235780669743,15.352147977457452,0.4854775458471287
1000,79,30.782190269370037,30.24235780669743,15.352147977457452,0.4854775458471287
1000,80,29.984805322404885,30.24235780669743,15.352147977457452,0.4854775458471287
1000,81,30.107784884374595,30.24235780669743,15.352147977457452,0.4854775458471287
1000,82,30.350221768696912,30.24235780669743,15.352147977457452,0.4854775458471287
1000,83,30.620627383422754,30.24235780669743,15.352147977457452,0.4854775458471287
1000,84,29.783579802868832,30.24235780669743,15.352147977457452,0.4854775458471287
1000,85,30.2826004590854,30.24235780669743,15.352147977457452,0.4854775458471287
1000,86,30.04853026809149,30.24235780669743,15.352147977457452,0.4854775458471287
1000,87,30.92099283113615,30.24235780669743,15.352147977457452,0.4854775458471287
1000,88,30.18378249277854,30.24235780669743,15.352147977457452,0.4854775458471287
1000,89,29.783930705968093,30.24235780669743,15.352147977457452,0.4854775458471287
1000,90,30.858882469869247,30.24235780669743,15.352147977457452,0.4854775458471287
1000,91,30.24470055043247,30.24235780669743,15.352147977457452,0.4854775458471287
1000,92,30.214366254208077,30.24235780669743,15.352147977457452,0.4854775458471287
1000,93,30.274842047312422,30.24235780669743,15.352147977457452,0.4854775458471287
1000,94,30.82030525007136,30.24235780669743,15.352147977457452,0.4854775458471287
1000,95,30.656686606253988,30.24235780669743,15.352147977457452,0.4854775458471287
1000,96,30.24330097341787,30.24235780669743,15.352147977457452,0.4854775458471287
1000,97,29.297544922560174,30.24235780669743,15.352147977457452,0.4854775458471287
1000,98,30.300940560547723,30.24235780669743,15.352147977457452,0.4854775458471287
1000,99,30.35292376458779,30.24235780669743,15.352147977457452,0.4854775458471287
1000,100,29.987243667516125,30.24235780669743,15.352147977457452,0.4854775458471287
